claim_id	claim	archive	source_url	locator	evidence	qualification
09-01	ACMA’s filed account alleges that a coding error went undetected during and for four years before the 17–20 September 2022 period.	resources/incidents/09/optus-filed-order-and-concise-statement.pdf	https://ismg-cdn.nyc3.cdn.digitaloceanspaces.com/asset_files/external/pvid42920242300547.pdf	Concise Statement ¶¶1–3 (PDF p.3)	“due to a coding error which it did not detect”	These are ACMA allegations in a filed concise statement, not adjudicated findings.
09-02	The filed account alleges that more than 9.5 million former and current customers’ information was accessed.	resources/incidents/09/optus-filed-order-and-concise-statement.pdf	https://ismg-cdn.nyc3.cdn.digitaloceanspaces.com/asset_files/external/pvid42920242300547.pdf	Concise Statement ¶2 (PDF p.3)	“more than 9.5 million former and current customers”	ACMA sought penalties concerning at least 3.6 million active customers; keep the populations distinct.
09-03	The Target Domain exposed three APIs intended to return information only after successful customer authentication.	resources/incidents/09/optus-filed-order-and-concise-statement.pdf	https://ismg-cdn.nyc3.cdn.digitaloceanspaces.com/asset_files/external/pvid42920242300547.pdf	Concise Statement ¶8 (PDF p.4; printed p.2)	“after a customer was successfully authenticated”	System names within the filing remain redacted; do not fill them in.
09-04	The Target Domain was dormant and unused since 2017 but was not decommissioned until after the attack.	resources/incidents/09/optus-filed-order-and-concise-statement.pdf	https://ismg-cdn.nyc3.cdn.digitaloceanspaces.com/asset_files/external/pvid42920242300547.pdf	Concise Statement ¶9 (PDF p.4; printed p.2)	“dormant and not in use, and had not been in use since 2017”	This filed allegation is the Chapter 9 inventory hinge.
09-05	A September 2018 coding error allegedly made one access control ineffective for both the Target and Main domains.	resources/incidents/09/optus-filed-order-and-concise-statement.pdf	https://ismg-cdn.nyc3.cdn.digitaloceanspaces.com/asset_files/external/pvid42920242300547.pdf	Concise Statement ¶10 (PDF p.4; printed p.2)	“caused it to be ineffective for both the Target Domain and Main Domain”	Describe an ineffective control, not an API that was designed without authentication.
09-06	Optus allegedly fixed the Main Domain in August 2021 but did not detect or fix the same issue on the Target Domain.	resources/incidents/09/optus-filed-order-and-concise-statement.pdf	https://ismg-cdn.nyc3.cdn.digitaloceanspaces.com/asset_files/external/pvid42920242300547.pdf	Concise Statement ¶11 (PDF p.4; printed p.2)	“fixed the error for the Main Domain”	The comparison is directly stated in the filing.
09-07	The filing alleges that the Target Domain sat dormant and vulnerable for two years despite no need for it.	resources/incidents/09/optus-filed-order-and-concise-statement.pdf	https://ismg-cdn.nyc3.cdn.digitaloceanspaces.com/asset_files/external/pvid42920242300547.pdf	Concise Statement ¶13 (PDF p.4; printed p.2)	“dormant and vulnerable to attack for two years”	Attribute this characterization to ACMA.
09-08	The attacker allegedly bypassed access controls and sent requests to the Target APIs, which returned personal information.	resources/incidents/09/optus-filed-order-and-concise-statement.pdf	https://ismg-cdn.nyc3.cdn.digitaloceanspaces.com/asset_files/external/pvid42920242300547.pdf	Concise Statement ¶14 (PDF p.5; printed p.3)	“bypass access controls and send requests to the Target APIs”	The public filing does not expose the redacted implementation details.
09-09	The filing says internet traffic to the Target Domain was blocked on 20 September and the domain was decommissioned on 21 September 2022.	resources/incidents/09/optus-filed-order-and-concise-statement.pdf	https://ismg-cdn.nyc3.cdn.digitaloceanspaces.com/asset_files/external/pvid42920242300547.pdf	Concise Statement ¶16 (PDF p.5; printed p.3)	“the Target Domain was decommissioned”	Use the filed sequence rather than a later retelling.
